<?xml version="1.0" encoding="UTF-8"?>
<!DOCTYPE mapper PUBLIC "-//mybatis.org//DTD Mapper 3.0//EN" "http://mybatis.org/dtd/mybatis-3-mapper.dtd">
<mapper namespace="com.dao.NewsMapper">
  <resultMap id="BaseResultMap" type="com.entity.News">
    <id column="ggid" jdbcType="INTEGER" property="ggid" />
    <result column="ggpic" jdbcType="VARCHAR" property="ggpic" />
    <result column="name" jdbcType="VARCHAR" property="name" />
    <result column="isdel" jdbcType="VARCHAR" property="isdel" />
  </resultMap>
  <resultMap extends="BaseResultMap" id="ResultMapWithBLOBs" type="com.entity.News">
    <result column="note" jdbcType="LONGVARCHAR" property="note" />
  </resultMap>
  <sql id="Base_Column_List">
    ggid, ggpic, name, isdel
  </sql>
  <sql id="Blob_Column_List">
    note
  </sql>
  <select id="selectByPrimaryKey" parameterType="java.lang.Integer" resultMap="ResultMapWithBLOBs">
    select 
    <include refid="Base_Column_List" />
    ,
    <include refid="Blob_Column_List" />
    from news
    where ggid = #{ggid,jdbcType=INTEGER}
  </select>
 
  <insert id="insert" parameterType="com.entity.News">
    insert into news (ggid, ggpic, name, 
      isdel, note)
    values (#{ggid,jdbcType=INTEGER}, #{ggpic,jdbcType=VARCHAR}, #{name,jdbcType=VARCHAR}, 
      #{isdel,jdbcType=VARCHAR}, #{note,jdbcType=LONGVARCHAR})
  </insert>
  <insert id="insertSelective" parameterType="com.entity.News">
    insert into news
    <trim prefix="(" suffix=")" suffixOverrides=",">
      <if test="ggid != null">
        ggid,
      </if>
      <if test="ggpic != null">
        ggpic,
      </if>
      <if test="name != null">
        name,
      </if>
      <if test="isdel != null">
        isdel,
      </if>
      <if test="note != null">
        note,
      </if>
    </trim>
    <trim prefix="values (" suffix=")" suffixOverrides=",">
      <if test="ggid != null">
        #{ggid,jdbcType=INTEGER},
      </if>
      <if test="ggpic != null">
        #{ggpic,jdbcType=VARCHAR},
      </if>
      <if test="name != null">
        #{name,jdbcType=VARCHAR},
      </if>
      <if test="isdel != null">
        #{isdel,jdbcType=VARCHAR},
      </if>
      <if test="note != null">
        #{note,jdbcType=LONGVARCHAR},
      </if>
    </trim>
  </insert>
  <update id="updateByPrimaryKeySelective" parameterType="com.entity.News">
    update news
    <set>
      <if test="ggpic != null">
        ggpic = #{ggpic,jdbcType=VARCHAR},
      </if>
      <if test="name != null">
        name = #{name,jdbcType=VARCHAR},
      </if>
      <if test="isdel != null">
        isdel = #{isdel,jdbcType=VARCHAR},
      </if>
      <if test="note != null">
        note = #{note,jdbcType=LONGVARCHAR},
      </if>
    </set>
    where ggid = #{ggid,jdbcType=INTEGER}
  </update>
  <update id="updateByPrimaryKeyWithBLOBs" parameterType="com.entity.News">
    update news
    set ggpic = #{ggpic,jdbcType=VARCHAR},
      name = #{name,jdbcType=VARCHAR},
      isdel = #{isdel,jdbcType=VARCHAR},
      note = #{note,jdbcType=LONGVARCHAR}
    where ggid = #{ggid,jdbcType=INTEGER}
  </update>
  <update id="updateByPrimaryKey" parameterType="com.entity.News">
    update news
    set ggpic = #{ggpic,jdbcType=VARCHAR},
      name = #{name,jdbcType=VARCHAR},
      isdel = #{isdel,jdbcType=VARCHAR}
    where ggid = #{ggid,jdbcType=INTEGER}
  </update>
  
   <select id="getCount" parameterType="java.util.Map" resultType="int">
    select  count(*) from news  where isdel="1" 
   
  </select>
  <select id="getAll" parameterType="java.util.Map" resultMap="ResultMapWithBLOBs">
    select   
    <include refid="Base_Column_List" />
   
     from news where isdel="1"
   
  </select> 
   <select id="getByPage" parameterType="java.util.Map" resultMap="ResultMapWithBLOBs">
     select 
     <include refid="Base_Column_List" />
    from news where isdel="1" 
    
     <if test="pageno!=null and pageSize!=null">
     limit #{pageno},#{pageSize}
     </if>
     </select>
   
  <delete id="deleteByPrimaryKey" parameterType="java.lang.Integer">
    update news  set isdel="0"
    where ggid = #{ggid,jdbcType=INTEGER}
  </delete>
  
  
</mapper>